date,link
2026-04-20,https://www.scotrail.co.uk/media/86144/download?inline
2026-04-19,https://www.scotrail.co.uk/media/86143/download?inline
2026-04-18,https://www.scotrail.co.uk/media/86142/download?inline
2026-04-17,https://www.scotrail.co.uk/media/86141/download?inline
2026-04-16,https://www.scotrail.co.uk/media/85815/download?inline
2026-04-15,https://www.scotrail.co.uk/media/85814/download?inline
2026-04-14,https://www.scotrail.co.uk/media/85626/download?inline
2026-04-13,https://www.scotrail.co.uk/media/85625/download?inline
2026-04-12,https://www.scotrail.co.uk/media/85624/download?inline
2026-04-11,https://www.scotrail.co.uk/media/85623/download?inline
2026-04-10,https://www.scotrail.co.uk/media/85622/download?inline
2026-04-09,https://www.scotrail.co.uk/media/85621/download?inline
2026-04-08,https://www.scotrail.co.uk/media/85620/download?inline
2026-04-07,https://www.scotrail.co.uk/media/85619/download?inline
2026-04-06,https://www.scotrail.co.uk/media/85618/download?inline
2026-04-05,https://www.scotrail.co.uk/media/85617/download?inline
2026-04-04,https://www.scotrail.co.uk/media/85616/download?inline
2026-04-03,https://www.scotrail.co.uk/media/85615/download?inline
2026-04-02,https://www.scotrail.co.uk/media/85614/download?inline
2026-04-01,https://www.scotrail.co.uk/media/85613/download?inline
2026-03-31,https://www.scotrail.co.uk/media/84538/download?inline
2026-03-30,https://www.scotrail.co.uk/media/84537/download?inline
2026-03-29,https://www.scotrail.co.uk/media/84536/download?inline
2026-03-28,https://www.scotrail.co.uk/media/84535/download?inline
2026-03-27,https://www.scotrail.co.uk/media/84534/download?inline
2026-03-26,https://www.scotrail.co.uk/media/84533/download?inline
2026-03-25,https://www.scotrail.co.uk/media/84532/download?inline
2026-03-24,https://www.scotrail.co.uk/media/84531/download?inline
2026-03-23,https://www.scotrail.co.uk/media/83852/download?inline
2026-03-22,https://www.scotrail.co.uk/media/83851/download?inline
2026-03-21,https://www.scotrail.co.uk/media/83849/download?inline
2026-03-20,https://www.scotrail.co.uk/media/83848/download?inline
2026-03-19,https://www.scotrail.co.uk/media/83847/download?inline
2026-03-18,https://www.scotrail.co.uk/media/83846/download?inline
2026-03-17,https://www.scotrail.co.uk/media/83845/download?inline
2026-03-16,https://www.scotrail.co.uk/media/83417/download?inline
2026-03-15,https://www.scotrail.co.uk/media/83416/download?inline
2026-03-14,https://www.scotrail.co.uk/media/83415/download?inline
2026-03-13,https://www.scotrail.co.uk/media/83414/download?inline
2026-03-12,https://www.scotrail.co.uk/media/83203/download?inline
2026-03-11,https://www.scotrail.co.uk/media/83105/download?inline
2026-03-10,https://www.scotrail.co.uk/media/83013/download?inline
2026-03-09,https://www.scotrail.co.uk/media/83012/download?inline
2026-03-08,https://www.scotrail.co.uk/media/83011/download?inline
2026-03-07,https://www.scotrail.co.uk/media/83010/download?inline
2026-03-06,https://www.scotrail.co.uk/media/83009/download?inline
2026-03-05,https://www.scotrail.co.uk/media/82690/download?inline
2026-03-04,https://www.scotrail.co.uk/media/82689/download?inline
2026-03-03,https://www.scotrail.co.uk/media/82387/download?inline
2026-03-02,https://www.scotrail.co.uk/media/82386/download?inline
2026-02-28,https://www.scotrail.co.uk/media/82384/download?inline
2026-02-27,https://www.scotrail.co.uk/media/82383/download?inline
2026-02-26,https://www.scotrail.co.uk/media/82005/download?inline
2026-02-25,https://www.scotrail.co.uk/media/82004/download?inline
2026-02-24,https://www.scotrail.co.uk/media/81826/download?inline
2026-02-23,https://www.scotrail.co.uk/media/81749/download?inline
2026-02-22,https://www.scotrail.co.uk/media/81748/download?inline
2026-02-21,https://www.scotrail.co.uk/media/81747/download?inline
2026-02-20,https://www.scotrail.co.uk/media/81746/download?inline
2026-02-19,https://www.scotrail.co.uk/media/81745/download?inline
2026-02-18,https://www.scotrail.co.uk/media/81744/download?inline
2026-02-17,https://www.scotrail.co.uk/media/81743/download?inline
2026-02-16,https://www.scotrail.co.uk/media/81742/download?inline
2026-02-15,https://www.scotrail.co.uk/media/81741/download?inline
2026-02-14,https://www.scotrail.co.uk/media/81740/download?inline
2026-02-13,https://www.scotrail.co.uk/media/81739/download?inline
2026-02-12,https://www.scotrail.co.uk/media/81738/download?inline
2026-02-11,https://www.scotrail.co.uk/media/81737/download?inline
2026-02-10,https://www.scotrail.co.uk/media/81736/download?inline
2026-02-09,https://www.scotrail.co.uk/media/81735/download?inline
2026-02-08,https://www.scotrail.co.uk/media/81734/download?inline
2026-02-07,https://www.scotrail.co.uk/media/81733/download?inline
2026-02-06,https://www.scotrail.co.uk/media/81732/download?inline
2026-02-05,https://www.scotrail.co.uk/media/81731/download?inline
2026-02-04,https://www.scotrail.co.uk/media/81730/download?inline
2026-02-03,https://www.scotrail.co.uk/media/81729/download?inline
2026-02-02,https://www.scotrail.co.uk/media/81728/download?inline
2026-01-31,https://www.scotrail.co.uk/media/79767/download?inline
2026-01-30,https://www.scotrail.co.uk/media/79766/download?inline
2026-01-29,https://www.scotrail.co.uk/media/79765/download?inline
2026-01-28,https://www.scotrail.co.uk/media/79764/download?inline
2026-01-27,https://www.scotrail.co.uk/media/79763/download?inline
2026-01-26,https://www.scotrail.co.uk/media/79762/download?inline
2026-01-25,https://www.scotrail.co.uk/media/79240/download?inline
2026-01-24,https://www.scotrail.co.uk/media/79239/download?inline
2026-01-23,https://www.scotrail.co.uk/media/79238/download?inline
2026-01-22,https://www.scotrail.co.uk/media/78897/download?inline
2026-01-21,https://www.scotrail.co.uk/media/78896/download?inline
2026-01-20,https://www.scotrail.co.uk/media/78895/download?inline
2026-01-19,https://www.scotrail.co.uk/media/78536/download?inline
2026-01-18,https://www.scotrail.co.uk/media/78535/download?inline
2026-01-17,https://www.scotrail.co.uk/media/78534/download?inline
2026-01-16,https://www.scotrail.co.uk/media/78533/download?inline
2026-01-15,https://www.scotrail.co.uk/media/78234/download?inline
2026-01-14,https://www.scotrail.co.uk/media/78233/download?inline
2026-01-13,https://www.scotrail.co.uk/media/77947/download?inline
2026-01-12,https://www.scotrail.co.uk/media/77946/download?inline
2026-01-11,https://www.scotrail.co.uk/media/77945/download?inline
2026-01-10,https://www.scotrail.co.uk/media/77944/download?inline
2026-01-09,https://www.scotrail.co.uk/media/77943/download?inline
2026-01-08,https://www.scotrail.co.uk/media/77942/download?inline
2026-01-07,https://www.scotrail.co.uk/media/77941/download?inline
2026-01-06,https://www.scotrail.co.uk/media/77940/download?inline
2026-01-05,https://www.scotrail.co.uk/media/77939/download?inline
2026-01-04,https://www.scotrail.co.uk/media/77226/download?inline
2026-01-03,https://www.scotrail.co.uk/media/77225/download?inline
2025-12-31,https://www.scotrail.co.uk/media/77223/download?inline
2025-12-30,https://www.scotrail.co.uk/media/77222/download?inline
2025-12-29,https://www.scotrail.co.uk/media/77221/download?inline
2025-12-28,https://www.scotrail.co.uk/media/77220/download?inline
2025-12-27,https://www.scotrail.co.uk/media/77219/download?inline
2025-12-26,https://www.scotrail.co.uk/media/77218/download?inline
2025-12-24,https://www.scotrail.co.uk/media/77217/download?inline
2025-12-23,https://www.scotrail.co.uk/media/77216/download?inline
2025-12-22,https://www.scotrail.co.uk/media/77215/download?inline
2025-12-21,https://www.scotrail.co.uk/media/76747/download?inline
2025-12-20,https://www.scotrail.co.uk/media/76746/download?inline
2025-12-19,https://www.scotrail.co.uk/media/76745/download?inline
2025-12-18,https://www.scotrail.co.uk/media/76744/download?inline
2025-12-17,https://www.scotrail.co.uk/media/76743/download?inline
2025-12-16,https://www.scotrail.co.uk/media/76742/download?inline
2025-12-15,https://www.scotrail.co.uk/media/76741/download?inline
2025-12-14,https://www.scotrail.co.uk/media/76282/download?inline
2025-12-13,https://www.scotrail.co.uk/media/76281/download?inline
2025-12-12,https://www.scotrail.co.uk/media/76280/download?inline
2025-12-11,https://www.scotrail.co.uk/media/76279/download?inline
2025-12-10,https://www.scotrail.co.uk/media/76278/download?inline
2025-12-09,https://www.scotrail.co.uk/media/75892/download?inline
2025-12-08,https://www.scotrail.co.uk/media/75891/download?inline
2025-12-07,https://www.scotrail.co.uk/media/75890/download?inline
2025-12-06,https://www.scotrail.co.uk/media/75889/download?inline
2025-12-05,https://www.scotrail.co.uk/media/75888/download?inline
2025-12-04,https://www.scotrail.co.uk/media/75887/download?inline
2025-12-03,https://www.scotrail.co.uk/media/75528/download?inline
2025-12-02,https://www.scotrail.co.uk/media/75527/download?inline
2025-11-30,https://www.scotrail.co.uk/media/75351/download?inline
2025-11-29,https://www.scotrail.co.uk/media/75350/download?inline
2025-11-28,https://www.scotrail.co.uk/media/75349/download?inline
2025-11-27,https://www.scotrail.co.uk/media/75348/download?inline
2025-11-26,https://www.scotrail.co.uk/media/75347/download?inline
2025-11-25,https://www.scotrail.co.uk/media/75346/download?inline
2025-11-24,https://www.scotrail.co.uk/media/75345/download?inline
2025-11-23,https://www.scotrail.co.uk/media/75344/download?inline
2025-11-22,https://www.scotrail.co.uk/media/75343/download?inline
2025-11-21,https://www.scotrail.co.uk/media/75342/download?inline
2025-11-20,https://www.scotrail.co.uk/media/74618/download?inline
2025-11-19,https://www.scotrail.co.uk/media/74617/download?inline
2025-11-18,https://www.scotrail.co.uk/media/74616/download?inline
2025-11-17,https://www.scotrail.co.uk/media/74362/download?inline
2025-11-16,https://www.scotrail.co.uk/media/74361/download?inline
2025-11-15,https://www.scotrail.co.uk/media/74360/download?inline
2025-11-14,https://www.scotrail.co.uk/media/74359/download?inline
2025-11-13,https://www.scotrail.co.uk/media/74357/download?inline
2025-11-12,https://www.scotrail.co.uk/media/74355/download?inline
2025-11-11,https://www.scotrail.co.uk/media/74354/download?inline
2025-11-10,https://www.scotrail.co.uk/media/74353/download?inline
2025-11-09,https://www.scotrail.co.uk/media/73584/download?inline
2025-11-08,https://www.scotrail.co.uk/media/73583/download?inline
2025-11-07,https://www.scotrail.co.uk/media/73582/download?inline
2025-11-06,https://www.scotrail.co.uk/media/73578/download?inline
2025-11-05,https://www.scotrail.co.uk/media/73577/download?inline
2025-11-04,https://www.scotrail.co.uk/media/73413/download?inline
2025-11-03,https://www.scotrail.co.uk/media/73412/download?inline
2025-11-02,https://www.scotrail.co.uk/media/73411/download?inline
2025-10-30,https://www.scotrail.co.uk/media/73408/download?inline
2025-10-29,https://www.scotrail.co.uk/media/73407/download?inline
2025-10-28,https://www.scotrail.co.uk/media/73406/download?inline
2025-10-27,https://www.scotrail.co.uk/media/73405/download?inline
2025-10-26,https://www.scotrail.co.uk/media/72702/download?inline
2025-10-25,https://www.scotrail.co.uk/media/72701/download?inline
2025-10-24,https://www.scotrail.co.uk/media/72700/download?inline
2025-10-23,https://www.scotrail.co.uk/media/72699/download?inline
2025-10-22,https://www.scotrail.co.uk/media/72698/download?inline
2025-10-21,https://www.scotrail.co.uk/media/72697/download?inline
2025-10-20,https://www.scotrail.co.uk/media/72696/download?inline
2025-10-19,https://www.scotrail.co.uk/media/72026/download?inline
2025-10-18,https://www.scotrail.co.uk/media/72025/download?inline
2025-10-17,https://www.scotrail.co.uk/media/72024/download?inline
2025-10-16,https://www.scotrail.co.uk/media/72023/download?inline
2025-10-15,https://www.scotrail.co.uk/media/72022/download?inline
2025-10-14,https://www.scotrail.co.uk/media/72021/download?inline
2025-10-13,https://www.scotrail.co.uk/media/72020/download?inline
2025-10-12,https://www.scotrail.co.uk/media/72019/download?inline
2025-10-11,https://www.scotrail.co.uk/media/72018/download?inline
2025-10-10,https://www.scotrail.co.uk/media/72017/download?inline
2025-10-09,https://www.scotrail.co.uk/media/72016/download?inline
2025-10-08,https://www.scotrail.co.uk/media/72015/download?inline
2025-10-07,https://www.scotrail.co.uk/media/72014/download?inline
2025-10-06,https://www.scotrail.co.uk/media/72013/download?inline
2025-10-05,https://www.scotrail.co.uk/media/72012/download?inline
2025-10-04,https://www.scotrail.co.uk/media/72011/download?inline
2025-10-03,https://www.scotrail.co.uk/media/72010/download?inline
2025-10-02,https://www.scotrail.co.uk/media/72009/download?inline
2025-10-01,https://www.scotrail.co.uk/media/72008/download?inline
2025-09-30,https://www.scotrail.co.uk/media/72007/download?inline
2025-09-29,https://www.scotrail.co.uk/media/70316/download?inline
2025-09-28,https://www.scotrail.co.uk/media/70315/download?inline
2025-09-27,https://www.scotrail.co.uk/media/70314/download?inline
2025-09-26,https://www.scotrail.co.uk/media/70313/download?inline
2025-09-25,https://www.scotrail.co.uk/media/70312/download?inline
2025-09-24,https://www.scotrail.co.uk/media/70310/download?inline
2025-09-23,https://www.scotrail.co.uk/media/70309/download?inline
2025-09-22,https://www.scotrail.co.uk/media/69711/download?inline
2025-09-21,https://www.scotrail.co.uk/media/69710/download?inline
2025-09-20,https://www.scotrail.co.uk/media/69709/download?inline
2025-09-19,https://www.scotrail.co.uk/media/69708/download?inline
2025-09-18,https://www.scotrail.co.uk/media/69707/download?inline
2025-09-17,https://www.scotrail.co.uk/media/69706/download?inline
2025-09-16,https://www.scotrail.co.uk/media/69705/download?inline
2025-09-15,https://www.scotrail.co.uk/media/69704/download?inline
2025-09-14,https://www.scotrail.co.uk/media/69011/download?inline
2025-09-13,https://www.scotrail.co.uk/media/69010/download?inline
2025-09-12,https://www.scotrail.co.uk/media/69009/download?inline
2025-09-11,https://www.scotrail.co.uk/media/69008/download?inline
2025-09-10,https://www.scotrail.co.uk/media/69007/download?inline
2025-09-09,https://www.scotrail.co.uk/media/68570/download?inline
2025-09-08,https://www.scotrail.co.uk/media/68569/download?inline
2025-09-07,https://www.scotrail.co.uk/media/68568/download?inline
2025-09-06,https://www.scotrail.co.uk/media/68567/download?inline
2025-09-05,https://www.scotrail.co.uk/media/68566/download?inline
2025-09-03,https://www.scotrail.co.uk/media/68564/download?inline
2025-09-02,https://www.scotrail.co.uk/media/68563/download?inline
2025-08-31,https://www.scotrail.co.uk/media/67816/download?inline
2025-08-30,https://www.scotrail.co.uk/media/67815/download?inline
2025-08-29,https://www.scotrail.co.uk/media/67814/download?inline
2025-08-28,https://www.scotrail.co.uk/media/67813/download?inline
2025-08-27,https://www.scotrail.co.uk/media/67812/download?inline
2025-08-26,https://www.scotrail.co.uk/media/67811/download?inline
2025-08-25,https://www.scotrail.co.uk/media/67810/download?inline
2025-08-24,https://www.scotrail.co.uk/media/67316/download?inline
2025-08-23,https://www.scotrail.co.uk/media/67315/download?inline
2025-08-22,https://www.scotrail.co.uk/media/67314/download?inline
2025-08-21,https://www.scotrail.co.uk/media/67313/download?inline
2025-08-20,https://www.scotrail.co.uk/media/67312/download?inline
2025-08-19,https://www.scotrail.co.uk/media/67311/download?inline
2025-08-18,https://www.scotrail.co.uk/media/67310/download?inline
2025-08-17,https://www.scotrail.co.uk/media/66747/download?inline
2025-08-16,https://www.scotrail.co.uk/media/66746/download?inline
2025-08-15,https://www.scotrail.co.uk/media/66745/download?inline
2025-08-14,https://www.scotrail.co.uk/media/66744/download?inline
2025-08-13,https://www.scotrail.co.uk/media/66400/download?inline
2025-08-12,https://www.scotrail.co.uk/media/66398/download?inline
2025-08-11,https://www.scotrail.co.uk/media/66397/download?inline
2025-08-10,https://www.scotrail.co.uk/media/66396/download?inline
2025-08-09,https://www.scotrail.co.uk/media/66395/download?inline
2025-08-08,https://www.scotrail.co.uk/media/66394/download?inline
2025-08-07,https://www.scotrail.co.uk/media/66393/download?inline
2025-08-06,https://www.scotrail.co.uk/media/66392/download?inline
2025-08-05,https://www.scotrail.co.uk/media/65681/download?inline
2025-08-04,https://www.scotrail.co.uk/media/65609/download?inline
2025-08-03,https://www.scotrail.co.uk/media/65608/download?inline
2025-08-02,https://www.scotrail.co.uk/media/65607/download?inline
2025-08-01,https://www.scotrail.co.uk/media/65606/download?inline
2025-07-31,https://www.scotrail.co.uk/media/65378/download?inline
2025-07-30,https://www.scotrail.co.uk/media/65377/download?inline
2025-07-29,https://www.scotrail.co.uk/media/65163/download?inline
2025-07-28,https://www.scotrail.co.uk/media/65162/download?inline
2025-07-27,https://www.scotrail.co.uk/media/65012/download?inline
2025-07-26,https://www.scotrail.co.uk/media/65011/download?inline
2025-07-25,https://www.scotrail.co.uk/media/65010/download?inline
2025-07-24,https://www.scotrail.co.uk/media/65009/download?inline
2025-07-23,https://www.scotrail.co.uk/media/65008/download?inline
2025-07-22,https://www.scotrail.co.uk/media/65007/download?inline
2025-07-21,https://www.scotrail.co.uk/media/64512/download?inline
2025-07-20,https://www.scotrail.co.uk/media/64511/download?inline
2025-07-19,https://www.scotrail.co.uk/media/64510/download?inline
2025-07-18,https://www.scotrail.co.uk/media/64509/download?inline
2025-07-17,https://www.scotrail.co.uk/media/64508/download?inline
2025-07-16,https://www.scotrail.co.uk/media/64507/download?inline
2025-07-15,https://www.scotrail.co.uk/media/63953/download?inline
2025-07-14,https://www.scotrail.co.uk/media/63844/download?inline
2025-07-13,https://www.scotrail.co.uk/media/63843/download?inline
2025-07-12,https://www.scotrail.co.uk/media/63842/download?inline
2025-07-11,https://www.scotrail.co.uk/media/63841/download?inline
2025-07-10,https://www.scotrail.co.uk/media/63840/download?inline
2025-07-09,https://www.scotrail.co.uk/media/63384/download?inline
2025-07-08,https://www.scotrail.co.uk/media/63383/download?inline
2025-07-07,https://www.scotrail.co.uk/media/63179/download?inline
2025-07-06,https://www.scotrail.co.uk/media/63178/download?inline
2025-07-05,https://www.scotrail.co.uk/media/63177/download?inline
2025-07-04,https://www.scotrail.co.uk/media/63176/download?inline
2025-07-03,https://www.scotrail.co.uk/media/63175/download?inline
2025-07-02,https://www.scotrail.co.uk/media/62751/download?inline
2025-07-01,https://www.scotrail.co.uk/media/62750/download?inline
2025-06-30,https://www.scotrail.co.uk/media/62535/download?inline
2025-06-29,https://www.scotrail.co.uk/media/62534/download?inline
2025-06-28,https://www.scotrail.co.uk/media/62533/download?inline
2025-06-27,https://www.scotrail.co.uk/media/62532/download?inline
2025-06-26,https://www.scotrail.co.uk/media/62240/download?inline
2025-06-25,https://www.scotrail.co.uk/media/62239/download?inline
2025-06-24,https://www.scotrail.co.uk/media/62238/download?inline
2025-06-23,https://www.scotrail.co.uk/media/62237/download?inline
2025-06-22,https://www.scotrail.co.uk/media/61882/download?inline
2025-06-21,https://www.scotrail.co.uk/media/61881/download?inline
2025-06-20,https://www.scotrail.co.uk/media/61880/download?inline
2025-06-19,https://www.scotrail.co.uk/media/61597/download?inline
2025-06-18,https://www.scotrail.co.uk/media/61596/download?inline
2025-06-17,https://www.scotrail.co.uk/media/61595/download?inline
2025-06-16,https://www.scotrail.co.uk/media/61140/download?inline
2025-06-15,https://www.scotrail.co.uk/media/61139/download?inline
2025-06-14,https://www.scotrail.co.uk/media/61138/download?inline
2025-06-13,https://www.scotrail.co.uk/media/61137/download?inline
2025-06-12,https://www.scotrail.co.uk/media/61136/download?inline
2025-06-11,https://www.scotrail.co.uk/media/61135/download?inline
2025-06-10,https://www.scotrail.co.uk/media/60678/download?inline
2025-06-09,https://www.scotrail.co.uk/media/60677/download?inline
2025-06-08,https://www.scotrail.co.uk/media/60676/download?inline
2025-06-07,https://www.scotrail.co.uk/media/60675/download?inline
2025-06-06,https://www.scotrail.co.uk/media/60674/download?inline
2025-06-05,https://www.scotrail.co.uk/media/60673/download?inline
2025-06-04,https://www.scotrail.co.uk/media/60672/download?inline
2025-06-03,https://www.scotrail.co.uk/media/60671/download?inline
2025-06-02,https://www.scotrail.co.uk/media/59223/download?inline
2025-06-01,https://www.scotrail.co.uk/media/59183/download?inline
2025-05-31,https://www.scotrail.co.uk/media/59182/download?inline
2025-05-30,https://www.scotrail.co.uk/media/59181/download?inline
2025-05-29,https://www.scotrail.co.uk/media/59180/download?inline
2025-05-28,https://www.scotrail.co.uk/media/59179/download?inline
2025-05-27,https://www.scotrail.co.uk/media/59178/download?inline
2025-05-26,https://www.scotrail.co.uk/media/59177/download?inline
2025-05-25,https://www.scotrail.co.uk/media/59176/download?inline
2025-05-24,https://www.scotrail.co.uk/media/59175/download?inline
2025-05-23,https://www.scotrail.co.uk/media/59174/download?inline
2025-05-22,https://www.scotrail.co.uk/media/58374/download?inline
2025-05-21,https://www.scotrail.co.uk/media/58373/download?inline
2025-05-20,https://www.scotrail.co.uk/media/58372/download?inline
2025-05-19,https://www.scotrail.co.uk/media/58103/download?inline
2025-05-18,https://www.scotrail.co.uk/media/58102/download?inline
2025-05-17,https://www.scotrail.co.uk/media/58100/download?inline
2025-05-16,https://www.scotrail.co.uk/media/58099/download?inline
2025-05-15,https://www.scotrail.co.uk/media/58098/download?inline
2025-05-14,https://www.scotrail.co.uk/media/57783/download?inline
2025-05-13,https://www.scotrail.co.uk/media/57662/download?inline
2025-05-12,https://www.scotrail.co.uk/media/57564/download?inline
2025-05-11,https://www.scotrail.co.uk/media/57563/download?inline
2025-05-10,https://www.scotrail.co.uk/media/57562/download?inline
2025-05-09,https://www.scotrail.co.uk/media/57561/download?inline
2025-05-08,https://www.scotrail.co.uk/media/57560/download?inline
2025-05-07,https://www.scotrail.co.uk/media/57559/download?inline
2025-05-06,https://www.scotrail.co.uk/media/57558/download?inline
2025-05-05,https://www.scotrail.co.uk/media/57050/download?inline
2025-05-04,https://www.scotrail.co.uk/media/57049/download?inline
2025-05-03,https://www.scotrail.co.uk/media/57048/download?inline
2025-05-02,https://www.scotrail.co.uk/media/57047/download?inline
2025-05-01,https://www.scotrail.co.uk/media/56840/download?inline
2025-04-30,https://www.scotrail.co.uk/media/56839/download?inline
2025-04-29,https://www.scotrail.co.uk/media/56838/download?inline
2025-04-28,https://www.scotrail.co.uk/media/56491/download?inline
2025-04-27,https://www.scotrail.co.uk/media/56438/download?inline
2025-04-26,https://www.scotrail.co.uk/media/56437/download?inline
2025-04-25,https://www.scotrail.co.uk/media/56436/download?inline
2025-04-24,https://www.scotrail.co.uk/media/56435/download?inline
2025-04-23,https://www.scotrail.co.uk/media/56434/download?inline
2025-04-22,https://www.scotrail.co.uk/media/56004/download?inline
2025-04-21,https://www.scotrail.co.uk/media/55944/download?inline
2025-04-20,https://www.scotrail.co.uk/media/55943/download?inline
2025-04-19,https://www.scotrail.co.uk/media/55942/download?inline
2025-04-18,https://www.scotrail.co.uk/media/55941/download?inline
2025-04-17,https://www.scotrail.co.uk/media/55940/download?inline
2025-04-16,https://www.scotrail.co.uk/media/55939/download?inline
2025-04-15,https://www.scotrail.co.uk/media/55938/download?inline
2025-04-14,https://www.scotrail.co.uk/media/55937/download?inline
2025-04-13,https://www.scotrail.co.uk/media/55375/download?inline
2025-04-12,https://www.scotrail.co.uk/media/55357/download?inline
2025-04-11,https://www.scotrail.co.uk/media/55356/download?inline
2025-04-10,https://www.scotrail.co.uk/media/55355/download?inline
2025-04-09,https://www.scotrail.co.uk/media/55354/download?inline
2025-04-08,https://www.scotrail.co.uk/media/55002/download?inline
2025-04-07,https://www.scotrail.co.uk/media/55001/download?inline
2025-04-06,https://www.scotrail.co.uk/media/55000/download?inline
2025-04-05,https://www.scotrail.co.uk/media/54999/download?inline
2025-04-04,https://www.scotrail.co.uk/media/54998/download?inline
2025-04-03,https://www.scotrail.co.uk/media/54997/download?inline
2025-04-02,https://www.scotrail.co.uk/media/54996/download?inline
2025-04-01,https://www.scotrail.co.uk/media/54995/download?inline
2025-03-31,https://www.scotrail.co.uk/media/54360/download?inline
2025-03-30,https://www.scotrail.co.uk/media/54294/download?inline
2025-03-29,https://www.scotrail.co.uk/media/54293/download?inline
2025-03-28,https://www.scotrail.co.uk/media/54292/download?inline
2025-03-27,https://www.scotrail.co.uk/media/54046/download?inline
2025-03-26,https://www.scotrail.co.uk/media/53950/download?inline
2025-03-25,https://www.scotrail.co.uk/media/53949/download?inline
2025-03-24,https://www.scotrail.co.uk/media/53948/download?inline
2025-03-23,https://www.scotrail.co.uk/media/53723/download?inline
2025-03-22,https://www.scotrail.co.uk/media/53722/download?inline
2025-03-21,https://www.scotrail.co.uk/media/53721/download?inline
2025-03-20,https://www.scotrail.co.uk/media/53720/download?inline
2025-03-19,https://www.scotrail.co.uk/media/53719/download?inline
2025-03-18,https://www.scotrail.co.uk/media/53335/download?inline
2025-03-17,https://www.scotrail.co.uk/media/53237/download?inline
2025-03-16,https://www.scotrail.co.uk/media/53236/download?inline
2025-03-15,https://www.scotrail.co.uk/media/53235/download?inline
2025-03-14,https://www.scotrail.co.uk/media/53234/download?inline
2025-03-13,https://www.scotrail.co.uk/media/53233/download?inline
2025-03-12,https://www.scotrail.co.uk/media/53232/download?inline
2025-03-10,https://www.scotrail.co.uk/media/52706/download?inline
2025-03-09,https://www.scotrail.co.uk/media/52651/download?inline
2025-03-08,https://www.scotrail.co.uk/media/52650/download?inline
2025-03-07,https://www.scotrail.co.uk/media/52649/download?inline
2025-03-06,https://www.scotrail.co.uk/media/52648/download?inline
2025-03-05,https://www.scotrail.co.uk/media/52647/download?inline
2025-03-04,https://www.scotrail.co.uk/media/52646/download?inline
2025-03-03,https://www.scotrail.co.uk/media/52645/download?inline
2025-03-02,https://www.scotrail.co.uk/media/51873/download?inline
2025-03-01,https://www.scotrail.co.uk/media/51872/download?inline
2025-02-28,https://www.scotrail.co.uk/media/51871/download?inline
2025-02-27,https://www.scotrail.co.uk/media/51870/download?inline
2025-02-26,https://www.scotrail.co.uk/media/51869/download?inline
2025-02-25,https://www.scotrail.co.uk/media/51462/download?inline
2025-02-24,https://www.scotrail.co.uk/media/51359/download?inline
2025-02-23,https://www.scotrail.co.uk/media/51358/download?inline
2025-02-22,https://www.scotrail.co.uk/media/51357/download?inline
2025-02-21,https://www.scotrail.co.uk/media/51356/download?inline
2025-02-20,https://www.scotrail.co.uk/media/51355/download?inline
2025-02-19,https://www.scotrail.co.uk/media/50966/download?inline
2025-02-18,https://www.scotrail.co.uk/media/50965/download?inline
2025-02-17,https://www.scotrail.co.uk/media/50898/download?inline
2025-02-16,https://www.scotrail.co.uk/media/50897/download?inline
2025-02-15,https://www.scotrail.co.uk/media/50896/download?inline
2025-02-14,https://www.scotrail.co.uk/media/50895/download?inline
2025-02-13,https://www.scotrail.co.uk/media/50894/download?inline
2025-02-12,https://www.scotrail.co.uk/media/50893/download?inline
2025-02-11,https://www.scotrail.co.uk/media/50130/download?inline
2025-02-10,https://www.scotrail.co.uk/media/50049/download?inline
2025-02-09,https://www.scotrail.co.uk/media/50000/download?inline
2025-02-08,https://www.scotrail.co.uk/media/49999/download?inline
2025-02-07,https://www.scotrail.co.uk/media/49998/download?inline
2025-02-06,https://www.scotrail.co.uk/media/49997/download?inline
2025-02-05,https://www.scotrail.co.uk/media/49996/download?inline
2025-02-04,https://www.scotrail.co.uk/media/49311/download?inline
2025-02-03,https://www.scotrail.co.uk/media/49310/download?inline
2025-02-02,https://www.scotrail.co.uk/media/49309/download?inline
2025-02-01,https://www.scotrail.co.uk/media/49308/download?inline
2025-01-31,https://www.scotrail.co.uk/media/49307/download?inline
2025-01-30,https://www.scotrail.co.uk/media/49306/download?inline
2025-01-29,https://www.scotrail.co.uk/media/48896/download?inline
2025-01-28,https://www.scotrail.co.uk/media/48836/download?inline
2025-01-27,https://www.scotrail.co.uk/media/48750/download?inline
2025-01-26,https://www.scotrail.co.uk/media/48749/download?inline
2025-01-23,https://www.scotrail.co.uk/media/48748/download?inline
2025-01-22,https://www.scotrail.co.uk/media/48747/download?inline
2025-01-21,https://www.scotrail.co.uk/media/48315/download?inline
2025-01-20,https://www.scotrail.co.uk/media/48314/download?inline
2025-01-19,https://www.scotrail.co.uk/media/48214/download?inline
2025-01-18,https://www.scotrail.co.uk/media/48213/download?inline
2025-01-17,https://www.scotrail.co.uk/media/48212/download?inline
2025-01-16,https://www.scotrail.co.uk/media/48211/download?inline
2025-01-15,https://www.scotrail.co.uk/media/47890/download?inline
2025-01-14,https://www.scotrail.co.uk/media/47819/download?inline
2025-01-13,https://www.scotrail.co.uk/media/47818/download?inline
2025-01-12,https://www.scotrail.co.uk/media/47703/download?inline
2025-01-11,https://www.scotrail.co.uk/media/47702/download?inline
2025-01-10,https://www.scotrail.co.uk/media/47701/download?inline
2025-01-09,https://www.scotrail.co.uk/media/47700/download?inline
2025-01-07,https://www.scotrail.co.uk/media/47189/download?inline
2025-01-06,https://www.scotrail.co.uk/media/47188/download?inline
2025-01-05,https://www.scotrail.co.uk/media/47090/download?inline
2025-01-04,https://www.scotrail.co.uk/media/47089/download?inline
2025-01-03,https://www.scotrail.co.uk/media/47088/download?inline
2025-01-02,https://www.scotrail.co.uk/media/47087/download?inline
2024-12-31,https://www.scotrail.co.uk/media/46961/download?inline
2024-12-30,https://www.scotrail.co.uk/media/46960/download?inline
2024-12-29,https://www.scotrail.co.uk/media/46959/download?inline
2024-12-28,https://www.scotrail.co.uk/media/46958/download?inline
2024-12-27,https://www.scotrail.co.uk/media/46956/download?inline
2024-12-26,https://www.scotrail.co.uk/media/46955/download?inline
2024-12-24,https://www.scotrail.co.uk/media/46954/download?inline
2024-12-23,https://www.scotrail.co.uk/media/46953/download?inline
2024-12-22,https://www.scotrail.co.uk/media/46952/download?inline
2024-12-21,https://www.scotrail.co.uk/media/46951/download?inline
2024-12-20,https://www.scotrail.co.uk/media/46950/download?inline
2024-12-19,https://www.scotrail.co.uk/media/46949/download?inline
2024-12-18,https://www.scotrail.co.uk/media/46267/download?inline
2024-12-17,https://www.scotrail.co.uk/media/46224/download?inline
2024-12-16,https://www.scotrail.co.uk/media/46155/download?inline
2024-12-15,https://www.scotrail.co.uk/media/46154/download?inline
2024-12-14,https://www.scotrail.co.uk/media/46153/download?inline
2024-12-13,https://www.scotrail.co.uk/media/46152/download?inline
2024-12-12,https://www.scotrail.co.uk/media/45912/download?inline
2024-12-11,https://www.scotrail.co.uk/media/45851/download?inline
2024-12-10,https://www.scotrail.co.uk/media/45777/download?inline
2024-12-09,https://www.scotrail.co.uk/media/45776/download?inline
2024-12-08,https://www.scotrail.co.uk/media/45514/download?inline
2024-12-07,https://www.scotrail.co.uk/media/45513/download?inline
2024-12-06,https://www.scotrail.co.uk/media/45512/download?inline
2024-12-05,https://www.scotrail.co.uk/media/45511/download?inline
2024-12-04,https://www.scotrail.co.uk/media/45510/download?inline
2024-12-03,https://www.scotrail.co.uk/media/45084/download?inline
2024-12-02,https://www.scotrail.co.uk/media/45083/download?inline
2024-11-30,https://www.scotrail.co.uk/media/45029/download?inline
2024-11-29,https://www.scotrail.co.uk/media/45028/download?inline
2024-11-28,https://www.scotrail.co.uk/media/44802/download?inline
2024-11-27,https://www.scotrail.co.uk/media/44727/download?inline
2024-11-26,https://www.scotrail.co.uk/media/44673/download?inline
2024-11-25,https://www.scotrail.co.uk/media/44564/download?inline
2024-11-24,https://www.scotrail.co.uk/media/44502/download?inline
2024-11-23,https://www.scotrail.co.uk/media/44501/download?inline
2024-11-22,https://www.scotrail.co.uk/media/44500/download?inline
2024-11-21,https://www.scotrail.co.uk/media/44276/download?inline
2024-11-20,https://www.scotrail.co.uk/media/44183/download?inline
2024-11-19,https://www.scotrail.co.uk/media/44098/download?inline
2024-11-18,https://www.scotrail.co.uk/media/44026/download?inline
2024-11-17,https://www.scotrail.co.uk/media/43985/download?inline
2024-11-16,https://www.scotrail.co.uk/media/43984/download?inline
2024-11-15,https://www.scotrail.co.uk/media/43983/download?inline
2024-11-14,https://www.scotrail.co.uk/media/43781/download?inline
2024-11-13,https://www.scotrail.co.uk/media/43666/download?inline
2024-11-12,https://www.scotrail.co.uk/media/43531/download?inline
2024-11-11,https://www.scotrail.co.uk/media/43530/download?inline
2024-11-10,https://www.scotrail.co.uk/media/43529/download?inline
2024-11-09,https://www.scotrail.co.uk/media/43528/download?inline
2024-11-08,https://www.scotrail.co.uk/media/43527/download?inline
2024-11-07,https://www.scotrail.co.uk/media/43526/download?inline
2024-11-06,https://www.scotrail.co.uk/media/43524/download?inline
2024-11-05,https://www.scotrail.co.uk/media/42982/download?inline
2024-11-04,https://www.scotrail.co.uk/media/42981/download?inline
2024-11-03,https://www.scotrail.co.uk/media/42867/download?inline
2024-11-02,https://www.scotrail.co.uk/media/42866/download?inline
2024-10-01,https://www.scotrail.co.uk/media/40214/download?inline
2024-09-29,https://www.scotrail.co.uk/media/39871/download?inline
2024-09-28,https://www.scotrail.co.uk/media/39870/download?inline
2024-09-27,https://www.scotrail.co.uk/media/39869/download?inline
2024-09-26,https://www.scotrail.co.uk/media/39868/download?inline
2024-09-25,https://www.scotrail.co.uk/media/39867/download?inline
2024-09-24,https://www.scotrail.co.uk/media/39433/download?inline
2024-09-23,https://www.scotrail.co.uk/media/39434/download?inline
2024-09-22,https://www.scotrail.co.uk/media/39260/download?inline
2024-09-21,https://www.scotrail.co.uk/media/39259/download?inline
2024-09-20,https://www.scotrail.co.uk/media/39258/download?inline
2024-09-19,https://www.scotrail.co.uk/media/39257/download?inline
2024-09-18,https://www.scotrail.co.uk/media/39256/download?inline
2024-09-17,https://www.scotrail.co.uk/media/38954/download?inline
